{
    "last_iters": 25,
    "0": {
        "mu": [
            0.3834828945070346,
            -0.511437231901968,
            0.3505859349195866,
            0.39768090964282055,
            0.31017114779548194,
            0.12346042236879659,
            0.24162643565684852,
            0.3192085852741975
        ],
        "sigma": [
            0.22578055396946242,
            0.22579305357670468,
            0.25051488927534443,
            0.24283043672545154,
            0.22747418359534372,
            0.2275474976771963,
            0.23420251573833173,
            0.23775885478167644
        ],
        "fx_top": [
            20116.0,
            17084.0,
            15924.0,
            15088.0
        ]
    },
    "1": {
        "mu": [
            0.2647057465935798,
            -0.489469798975832,
            0.25253960546319876,
            0.35205422353013094,
            0.27025994265810305,
            0.1517464354291087,
            0.16752515387119704,
            0.4318087572381276
        ],
        "sigma": [
            0.23829897182313234,
            0.248812557876694,
            0.23168897696401486,
            0.3386050691226145,
            0.2504031787380885,
            0.23716853598323215,
            0.2613794724045112,
            0.33127586527179936
        ],
        "fx_top": [
            19928.0,
            19900.0,
            15348.0,
            15304.0
        ]
    },
    "2": {
        "mu": [
            0.2689655284080709,
            -0.48470570965691,
            0.3015204290906165,
            0.3052382805994367,
            0.0999394795449373,
            0.09332739063862103,
            0.22033569660716235,
            0.5515238013296159
        ],
        "sigma": [
            0.26910175670279113,
            0.2533144617695509,
            0.26933163389745823,
            0.22840121832140253,
            0.2592387660123172,
            0.23057902013660095,
            0.23184748419017032,
            0.29290514266149814
        ],
        "fx_top": [
            20132.0,
            15140.0,
            14896.0,
            13772.0
        ]
    },
    "3": {
        "mu": [
            0.2740782795752185,
            -0.393139572582554,
            0.25931937841667063,
            0.419537443477087,
            0.20540024239686056,
            0.18035652672723787,
            0.20271404456349595,
            0.5028117910460216
        ],
        "sigma": [
            0.24513796102406069,
            0.2626152078804035,
            0.22675412334125347,
            0.26814225814473397,
            0.29280314097810395,
            0.2400887221372762,
            0.24082389071666405,
            0.2840497467708984
        ],
        "fx_top": [
            21320.0,
            17280.0,
            13412.0,
            12620.0
        ]
    },
    "4": {
        "mu": [
            0.4430408441240694,
            -0.3042164192059851,
            0.29714035919218534,
            0.4946988849185868,
            0.162014642833061,
            0.11224588427989003,
            0.187118343967532,
            0.416637430379526
        ],
        "sigma": [
            0.2863407259473763,
            0.25770242921847747,
            0.24827033364719156,
            0.2542516428927958,
            0.22278847154345616,
            0.23956095296085247,
            0.2601797513575865,
            0.2220329451983113
        ],
        "fx_top": [
            19844.0,
            19412.0,
            18452.0,
            17252.0
        ]
    },
    "5": {
        "mu": [
            0.3633587181744932,
            -0.3947494942794972,
            0.3676117759800621,
            0.5281163450552473,
            0.1033046496781239,
            0.11987217241505975,
            0.2125247920826318,
            0.3264656699734267
        ],
        "sigma": [
            0.24426190757276117,
            0.26172998468448144,
            0.21934549056463704,
            0.23129224940740797,
            0.2614570455748475,
            0.21898874673205437,
            0.26668771119242807,
            0.25317379650210564
        ],
        "fx_top": [
            31088.0,
            22528.0,
            21252.0,
            12396.0
        ]
    },
    "6": {
        "mu": [
            0.2711912660439673,
            -0.32856265472348073,
            0.437818244176608,
            0.5104195304661258,
            0.013087646980498814,
            0.10484978500436086,
            0.21809329359004984,
            0.4462197135732944
        ],
        "sigma": [
            0.22125182400824786,
            0.26310815314061037,
            0.22417069494244315,
            0.27241004703127064,
            0.2114576563888346,
            0.23655247927889198,
            0.2219179348895659,
            0.2605580471283705
        ],
        "fx_top": [
            22384.0,
            21008.0,
            16268.0,
            16144.0
        ]
    },
    "7": {
        "mu": [
            0.3678373947129523,
            -0.3496665034976736,
            0.4634539975431028,
            0.3880336163082327,
            0.06195943635625717,
            0.07586958509655961,
            0.2607456066632646,
            0.4104192367001578
        ],
        "sigma": [
            0.24510695405226093,
            0.25533047110529555,
            0.21826166106352057,
            0.2827060067433468,
            0.21763480457195966,
            0.2140460906154799,
            0.23479947106131221,
            0.27184291272057465
        ],
        "fx_top": [
            24228.0,
            20116.0,
            12420.0,
            11132.0
        ]
    },
    "8": {
        "mu": [
            0.2378188104891787,
            -0.29368224926368713,
            0.32579275923989115,
            0.3710702491369944,
            0.1597115249805637,
            0.1449890981148424,
            0.17965904217853235,
            0.6250420598114308
        ],
        "sigma": [
            0.22146646889397614,
            0.28095579605599813,
            0.22951309884769214,
            0.3018778958152578,
            0.23626582725633039,
            0.21479403535622776,
            0.21958801989521037,
            0.24063944062025766
        ],
        "fx_top": [
            25732.0,
            21540.0,
            19352.0,
            14232.0
        ]
    },
    "9": {
        "mu": [
            0.4248368958890273,
            -0.19743758288752994,
            0.3255863954849664,
            0.47037050673342784,
            0.08381341283981661,
            0.11876523656827057,
            0.07772562791905317,
            0.5616501985417777
        ],
        "sigma": [
            0.21651532087551306,
            0.3141799291586724,
            0.22683692401835984,
            0.2164983578911235,
            0.21364884589461106,
            0.21732743584337666,
            0.2151297396988275,
            0.23575987810920288
        ],
        "fx_top": [
            27460.0,
            25640.0,
            25384.0,
            16240.0
        ]
    },
    "10": {
        "mu": [
            0.3591310660736503,
            -0.3348899529317248,
            0.2833474656304351,
            0.47646717786969905,
            -0.014972066822836217,
            0.11127754356435617,
            0.2462985153244458,
            0.5062204994096132
        ],
        "sigma": [
            0.23824444393911162,
            0.2517100840245597,
            0.20818018630738727,
            0.2703853880363955,
            0.20148146850815368,
            0.20307173908022763,
            0.2018419444760659,
            0.2879220699467965
        ],
        "fx_top": [
            25852.0,
            24500.0,
            20172.0,
            18448.0
        ]
    },