{"last_iters": 0, "0": {"mu": [0.3834828945070346, -0.511437231901968, 0.3505859349195866, 0.39768090964282055, 0.31017114779548194, 0.12346042236879659, 0.24162643565684852, 0.3192085852741975], "sigma": [0.22578055396946242, 0.22579305357670468, 0.25051488927534443, 0.24283043672545154, 0.22747418359534372, 0.2275474976771963, 0.23420251573833173, 0.23775885478167644], "fx_top": [20116.0, 17084.0, 15924.0, 15088.0]}}